{"cameraMode":{"drawMode":0,"name":"Shaded","section":"Shading Mode"},"sceneLighting":true,"audioPlay":false,"sceneViewState":{"m_AlwaysRefresh":false,"showFog":true,"showSkybox":true,"showFlares":true,"showImageEffects":true,"showParticleSystems":true,"showVisualEffectGraphs":true,"m_FxEnabled":true},"in2DMode":false,"pivot":{"x":-0.5633288621902466,"y":-0.5250473022460938,"z":0.6679807901382446},"rotation":{"x":0.13005925714969636,"y":0.07428371161222458,"z":-0.009920713491737843,"w":0.9887426495552063},"size":3.538827419281006,"orthographic":true}