{"cameraMode":{"drawMode":0,"name":"Shaded","section":"Shading Mode"},"sceneLighting":true,"audioPlay":false,"sceneViewState":{"m_AlwaysRefresh":false,"showFog":true,"showSkybox":true,"showFlares":true,"showImageEffects":true,"showParticleSystems":true,"showVisualEffectGraphs":true,"m_FxEnabled":true},"in2DMode":false,"pivot":{"x":0.06523603200912476,"y":0.7687227129936218,"z":0.194463849067688},"rotation":{"x":0.3149227201938629,"y":-0.26994776725769045,"z":0.09379108250141144,"w":0.9051143527030945},"size":2.235100269317627,"orthographic":true}