{"cameraMode":{"drawMode":0,"name":"Shaded","section":"Shading Mode"},"sceneLighting":true,"audioPlay":false,"sceneViewState":{"m_AlwaysRefresh":false,"showFog":true,"showSkybox":true,"showFlares":true,"showImageEffects":true,"showParticleSystems":true,"showVisualEffectGraphs":true,"m_FxEnabled":true},"in2DMode":false,"pivot":{"x":0.36394381523132326,"y":-0.3044546842575073,"z":0.3083193898200989},"rotation":{"x":-0.1496894210577011,"y":0.5417923331260681,"z":-0.09874904900789261,"w":-0.8211784958839417},"size":1.1006208658218384,"orthographic":true}