{"cameraMode":{"drawMode":0,"name":"Shaded","section":"Shading Mode"},"sceneLighting":true,"audioPlay":false,"sceneViewState":{"m_AlwaysRefresh":false,"showFog":true,"showSkybox":true,"showFlares":true,"showImageEffects":true,"showParticleSystems":true,"showVisualEffectGraphs":true,"m_FxEnabled":true},"in2DMode":false,"pivot":{"x":0.19488316774368287,"y":0.8478426933288574,"z":0.5033336877822876},"rotation":{"x":0.1342543512582779,"y":-0.7260866165161133,"z":0.14816813170909882,"w":0.657908022403717},"size":2.4557509422302248,"orthographic":true}