{"cameraMode":{"drawMode":0,"name":"Shaded","section":"Shading Mode"},"sceneLighting":true,"audioPlay":false,"sceneViewState":{"m_AlwaysRefresh":false,"showFog":true,"showSkybox":true,"showFlares":true,"showImageEffects":true,"showParticleSystems":true,"showVisualEffectGraphs":true,"m_FxEnabled":true},"in2DMode":false,"pivot":{"x":-0.47292566299438479,"y":0.6020511984825134,"z":-0.5354564785957336},"rotation":{"x":-0.1496894210577011,"y":0.5417923331260681,"z":-0.09874904900789261,"w":-0.8211784958839417},"size":2.662816047668457,"orthographic":true}